id_clinvar,CLNSIG,CLNHGVS,clinvar_date,last_update
1342260,Benign,NC_000003.12:g.42209837C>T,240404,
402635,Benign,NC_000003.12:g.57428707A>G,240404,
403054,Benign,NC_000003.12:g.66383252A>G,240404,
98001,Benign,NC_000003.12:g.87249925A>C,240404,
346977,Benign,NC_000003.12:g.98585623T>C,240404,
133818,not_provided,NC_000003.12:g.105720058T>C,240404,
44141,Benign,NC_000003.12:g.121993204A>C,240404,
1227026,Benign,NC_000003.12:g.122119472G>A,240404,
194903,Benign,NC_000003.12:g.123700066G>A,240404,
194902,Benign,NC_000003.12:g.123700441C>T,240404,
379980,Benign,NC_000003.12:g.149009346G>A,240404,
518344,Benign,NC_000003.12:g.184321878A>G,240404,
48161,Benign,NC_000003.12:g.191380177T>C,240404,
